"Movie Name","Available Dates","Available Cinemas"
"ALWAYS LALISA","12.10.2026; 14.10.2026; 17.10.2026","Cinema City - Mall Of Sofia; Cinema City - Paradice Center"
"Queen Budapest","10.10.2026","Cinema City - Mall Of Sofia; Cinema City - Paradice Center"
"Бунтовникът","10.10.2026; 12.10.2026; 14.10.2026","Kino Arena - The Mall; Kino Arena - West Mall"
"Верити","9.10.2026; 10.10.2026; 11.10.2026; 12.10.2026; 13.10.2026; 14.10.2026; 15.10.2026; 16.10.2026; 17.10.2026; 19.10.2026; 20.10.2026; 22.10.2026; 23.10.2026","CineGrand - Park Center; CineGrand - Sofia Ring Mall; Cinema City - Mall Of Sofia; Cinema City - Paradice Center; Kino Arena - The Mall; Kino Arena - West Mall"
"Дигър","9.10.2026; 10.10.2026; 11.10.2026; 12.10.2026; 13.10.2026; 14.10.2026; 15.10.2026; 16.10.2026; 17.10.2026; 19.10.2026; 20.10.2026; 22.10.2026; 23.10.2026","CineGrand - Park Center; CineGrand - Sofia Ring Mall; Cinema City - Mall Of Sofia; Cinema City - Paradice Center; Kino Arena - The Mall; Kino Arena - West Mall"
"Другата мама","9.10.2026; 10.10.2026; 11.10.2026; 12.10.2026; 13.10.2026; 14.10.2026; 15.10.2026; 16.10.2026; 17.10.2026; 19.10.2026; 20.10.2026; 22.10.2026; 23.10.2026","CineGrand - Park Center; CineGrand - Sofia Ring Mall; Cinema City - Mall Of Sofia; Cinema City - Paradice Center; Kino Arena - The Mall; Kino Arena - West Mall"
"Заразно зло","9.10.2026; 10.10.2026; 11.10.2026; 12.10.2026; 13.10.2026; 14.10.2026; 15.10.2026; 16.10.2026; 17.10.2026; 19.10.2026; 20.10.2026; 22.10.2026; 23.10.2026","Cinema City - Mall Of Sofia; Cinema City - Paradice Center; Kino Arena - The Mall; Kino Arena - West Mall"
"ЗАРАЗНО ЗЛО ","9.10.2026; 10.10.2026; 12.10.2026; 13.10.2026; 14.10.2026; 15.10.2026","CineGrand - Sofia Ring Mall"
"Зооекспрес","9.10.2026; 10.10.2026; 11.10.2026; 12.10.2026; 13.10.2026; 14.10.2026; 15.10.2026; 16.10.2026; 17.10.2026; 19.10.2026; 20.10.2026; 22.10.2026; 23.10.2026","CineGrand - Park Center; CineGrand - Sofia Ring Mall; Cinema City - Mall Of Sofia; Cinema City - Paradice Center; Kino Arena - The Mall; Kino Arena - West Mall"
"Играта на играчките 5","10.10.2026; 11.10.2026","Cinema City - Paradice Center; Kino Arena - The Mall; Kino Arena - West Mall"
"КОВАРЕН КАПАН: БЯГСТВО ОТ ОТВЪДНОТО","9.10.2026; 10.10.2026; 11.10.2026; 12.10.2026; 13.10.2026; 14.10.2026; 15.10.2026; 16.10.2026; 17.10.2026; 19.10.2026; 20.10.2026; 22.10.2026; 23.10.2026","CineGrand - Sofia Ring Mall; Kino Arena - The Mall; Kino Arena - West Mall"
"КОЙОТА срещу АКМЕ","9.10.2026; 10.10.2026; 11.10.2026; 12.10.2026; 13.10.2026; 14.10.2026; 15.10.2026; 16.10.2026; 17.10.2026; 19.10.2026; 20.10.2026; 22.10.2026; 23.10.2026","CineGrand - Sofia Ring Mall; Cinema City - Mall Of Sofia; Cinema City - Paradice Center; Kino Arena - The Mall; Kino Arena - West Mall"
"КОЛИТЕ","10.10.2026","CineGrand - Park Center; CineGrand - Sofia Ring Mall"
"Куриерът","9.10.2026; 10.10.2026; 11.10.2026; 12.10.2026; 13.10.2026; 14.10.2026; 15.10.2026; 16.10.2026; 17.10.2026; 19.10.2026; 20.10.2026; 22.10.2026; 23.10.2026","Cinema City - Mall Of Sofia; Kino Arena - The Mall; Kino Arena - West Mall"
"Миньони & чудовища","9.10.2026; 10.10.2026; 11.10.2026; 12.10.2026; 13.10.2026; 14.10.2026; 15.10.2026","Cinema City - Mall Of Sofia; Cinema City - Paradice Center"
"Миньони &amp; чудовища","9.10.2026; 10.10.2026; 11.10.2026; 12.10.2026; 13.10.2026; 14.10.2026; 15.10.2026; 16.10.2026; 17.10.2026; 19.10.2026; 20.10.2026; 22.10.2026; 23.10.2026","Kino Arena - The Mall; Kino Arena - West Mall"
"МИНЬОНИ И ЧУДОВИЩА","9.10.2026; 10.10.2026; 12.10.2026; 13.10.2026; 14.10.2026; 15.10.2026","CineGrand - Park Center; CineGrand - Sofia Ring Mall"
"Наследникът","9.10.2026; 10.10.2026; 11.10.2026; 12.10.2026; 13.10.2026; 14.10.2026; 15.10.2026; 16.10.2026; 17.10.2026; 19.10.2026; 20.10.2026; 22.10.2026; 23.10.2026","Cinema City - Mall Of Sofia; Cinema City - Paradice Center; Kino Arena - The Mall; Kino Arena - West Mall"
"Не казвай на мама","9.10.2026; 10.10.2026; 11.10.2026; 12.10.2026; 13.10.2026; 14.10.2026; 15.10.2026; 16.10.2026; 17.10.2026; 19.10.2026; 20.10.2026; 22.10.2026; 23.10.2026","CineGrand - Park Center; CineGrand - Sofia Ring Mall; Cinema City - Mall Of Sofia; Cinema City - Paradice Center; Kino Arena - The Mall; Kino Arena - West Mall"
"Нина Роза","9.10.2026; 10.10.2026; 11.10.2026; 12.10.2026; 13.10.2026; 14.10.2026; 15.10.2026; 16.10.2026; 17.10.2026; 19.10.2026; 20.10.2026; 22.10.2026; 23.10.2026","CineGrand - Park Center; CineGrand - Sofia Ring Mall; Cinema City - Mall Of Sofia; Cinema City - Paradice Center; Kino Arena - The Mall; Kino Arena - West Mall"
"Одисея","9.10.2026; 10.10.2026; 11.10.2026; 12.10.2026; 13.10.2026; 14.10.2026; 15.10.2026; 16.10.2026; 17.10.2026; 19.10.2026; 20.10.2026; 22.10.2026; 23.10.2026","CineGrand - Park Center; CineGrand - Sofia Ring Mall; Cinema City - Mall Of Sofia; Cinema City - Paradice Center; Kino Arena - The Mall; Kino Arena - West Mall"
"Островът на забравата","9.10.2026; 10.10.2026; 11.10.2026; 12.10.2026; 13.10.2026; 14.10.2026; 15.10.2026; 16.10.2026; 17.10.2026; 19.10.2026; 20.10.2026; 22.10.2026; 23.10.2026","CineGrand - Park Center; CineGrand - Sofia Ring Mall; Cinema City - Mall Of Sofia; Cinema City - Paradice Center; Kino Arena - The Mall; Kino Arena - West Mall"
"Отмъстителите: Краят – Специално издание","9.10.2026; 10.10.2026; 11.10.2026; 12.10.2026; 13.10.2026; 14.10.2026; 15.10.2026; 16.10.2026; 17.10.2026; 19.10.2026; 20.10.2026; 22.10.2026; 23.10.2026","CineGrand - Park Center; CineGrand - Sofia Ring Mall; Cinema City - Mall Of Sofia; Cinema City - Paradice Center; Kino Arena - The Mall; Kino Arena - West Mall"
"Падане 2","9.10.2026; 10.10.2026; 11.10.2026; 12.10.2026; 13.10.2026; 14.10.2026; 15.10.2026; 16.10.2026; 17.10.2026; 19.10.2026; 20.10.2026; 22.10.2026; 23.10.2026","Kino Arena - The Mall; Kino Arena - West Mall"
"Падане 2: Мъртва точка","9.10.2026; 10.10.2026; 11.10.2026; 12.10.2026; 13.10.2026; 14.10.2026; 15.10.2026","Cinema City - Mall Of Sofia"
"Паяци","9.10.2026; 10.10.2026; 11.10.2026; 12.10.2026; 13.10.2026; 14.10.2026; 15.10.2026; 16.10.2026; 17.10.2026; 19.10.2026; 20.10.2026; 22.10.2026; 23.10.2026","CineGrand - Sofia Ring Mall; Cinema City - Mall Of Sofia; Cinema City - Paradice Center; Kino Arena - The Mall; Kino Arena - West Mall"
"Пес Патрул: Дино филмът","9.10.2026; 10.10.2026; 11.10.2026; 12.10.2026; 13.10.2026; 14.10.2026; 15.10.2026; 16.10.2026; 17.10.2026; 19.10.2026; 20.10.2026; 22.10.2026; 23.10.2026","CineGrand - Park Center; CineGrand - Sofia Ring Mall; Cinema City - Mall Of Sofia; Cinema City - Paradice Center; Kino Arena - The Mall; Kino Arena - West Mall"
"Приложна магия 2","9.10.2026; 10.10.2026; 11.10.2026; 12.10.2026; 13.10.2026; 14.10.2026; 15.10.2026; 16.10.2026; 17.10.2026; 19.10.2026; 20.10.2026; 22.10.2026; 23.10.2026","Kino Arena - The Mall; Kino Arena - West Mall"
"Световно неизвестна","23.10.2026","Kino Arena - The Mall"
"Спайдър-мен: Нов ден","9.10.2026; 10.10.2026; 11.10.2026; 12.10.2026; 13.10.2026; 14.10.2026; 15.10.2026; 16.10.2026; 17.10.2026; 19.10.2026; 20.10.2026; 22.10.2026; 23.10.2026","CineGrand - Sofia Ring Mall; Cinema City - Mall Of Sofia; Cinema City - Paradice Center; Kino Arena - The Mall; Kino Arena - West Mall"
"Сръдльо","9.10.2026; 10.10.2026; 11.10.2026; 12.10.2026; 13.10.2026; 14.10.2026; 15.10.2026; 16.10.2026; 17.10.2026; 19.10.2026; 20.10.2026; 22.10.2026; 23.10.2026","CineGrand - Park Center; CineGrand - Sofia Ring Mall; Cinema City - Mall Of Sofia; Cinema City - Paradice Center; Kino Arena - The Mall; Kino Arena - West Mall"
"Сърцето на звяра","9.10.2026; 10.10.2026; 11.10.2026; 12.10.2026; 13.10.2026; 14.10.2026; 15.10.2026; 16.10.2026; 17.10.2026; 19.10.2026; 20.10.2026; 22.10.2026; 23.10.2026","CineGrand - Park Center; CineGrand - Sofia Ring Mall; Cinema City - Mall Of Sofia; Cinema City - Paradice Center; Kino Arena - The Mall; Kino Arena - West Mall"
"ТАЙНИЯТ СВЯТ НА ФИНИК 2","9.10.2026; 10.10.2026; 11.10.2026; 12.10.2026; 13.10.2026; 14.10.2026; 15.10.2026","CineGrand - Sofia Ring Mall; Cinema City - Mall Of Sofia; Cinema City - Paradice Center"
"Хроники за неудобната истина","16.10.2026; 17.10.2026; 18.10.2026; 21.10.2026","Cinema City - Mall Of Sofia; Cinema City - Paradice Center; Kino Arena - The Mall; Kino Arena - West Mall"
